Date,DiverName,County,Location,SiteCode,TimeStart,Time.End,Depth,SurveyArea,SpeciesCode,UK,DS,BB,RB,YB,TLD,WP,WS,P,PB,BL,TotalDiseased,TotalHealthy,Notes
11/9/17,Joshua Voss,Martin,SLR,SEFL01,14:40,15:12,15,700,MCAV,0,0,0,0,0,2,0,0,0,0,0,4,2,Dead 2
11/9/17,Joshua Voss,Martin,SLR,SEFL01,14:40,15:12,15,700,PCLI,0,0,0,0,0,9,0,0,0,0,0,9,5,Dead 26
11/9/17,Joshua Voss,Martin,SLR,SEFL01,14:40,15:12,15,700,ISIN,0,0,0,0,0,0,0,0,0,0,0,0,1,
11/9/17,Joshua Voss,Martin,SLR,SEFL01,14:40,15:12,15,700,PAST,0,0,0,0,0,0,0,0,0,0,14,14,13,
11/9/17,Joshua Voss,Martin,SLR,SEFL02,13:29,14:05,20,600,PCLI,0,0,0,0,0,2,0,0,0,0,0,2,4,Dead 2
11/9/17,Joshua Voss,Martin,SLR,SEFL02,13:29,14:05,20,600,SBOU,0,0,0,0,0,0,0,0,0,0,2,2,0,Dead 1
11/9/17,Joshua Voss,Martin,SLR,SEFL02,13:29,14:05,20,600,MCAV,0,0,0,0,0,1,0,0,0,0,0,1,1,WB colony = Voss Mcav5; colony with lesion = Voss Mcav4
11/9/17,Joshua Voss,Martin,SLR,SEFL03,12:35,13:07,20,400,SINT,0,0,0,0,0,0,0,0,0,0,1,1,3,"Multiple bleached SRAD 13, all <10cm; 1 bleached SSID <10 cm"
11/9/17,Joshua Voss,Martin,SLR,SEFL03,12:35,13:07,20,400,PCLI,0,0,0,0,0,1,0,0,0,0,3,4,1,
11/9/17,Joshua Voss,Martin,SLR,SEFL03,12:35,13:07,20,400,SBOU,0,0,0,0,0,0,0,0,0,0,1,1,0,
12/8/17,Ryan Eckert,Palm Beach,JUP,SEFL04,11:10,11:30,65,450,MCAV,0,0,0,0,0,0,0,0,0,0,0,0,20,
12/8/17,Ryan Eckert,Palm Beach,JUP,SEFL04,11:10,11:30,65,450,PAST,0,0,0,0,0,0,0,0,0,0,0,0,11,
12/8/17,Ryan Eckert,Palm Beach,JUP,SEFL04,11:10,11:30,65,450,UAGA,0,0,0,0,0,0,0,0,0,0,0,0,8,
12/8/17,Ryan Eckert,Palm Beach,JUP,SEFL04,11:10,11:30,65,450,SINT,0,0,0,0,0,0,0,0,0,0,0,0,1,
12/8/17,Ryan Eckert,Palm Beach,JUP,SEFL04,11:10,11:30,65,450,MDEC,0,0,0,0,0,0,0,0,0,0,0,0,1,
12/8/17,Ryan Eckert,Palm Beach,JUP,SEFL04,11:10,11:30,65,450,SSID,0,0,0,0,0,0,0,0,0,0,0,0,1,
12/8/17,Ryan Eckert,Palm Beach,JUP,SEFL04,11:10,11:30,65,450,CNAT,0,0,0,0,0,0,0,0,0,0,0,0,1,
12/8/17,Ryan Eckert,Palm Beach,JUP,SEFL04,11:10,11:30,65,450,PSTRI,0,0,0,0,0,0,0,0,0,0,0,0,1,
12/8/17,Ryan Eckert,Palm Beach,JUP,SEFL04,11:10,11:30,65,450,ALAM,0,0,0,0,0,0,0,0,0,0,0,0,1,
12/8/17,Ryan Eckert,Palm Beach,JUP,SEFL04,11:10,11:30,65,450,OFAV,0,0,0,0,0,0,0,0,1,0,0,1,1,Paling on 25% of colony
12/8/17,Ryan Eckert,Palm Beach,JUP,SEFL05,12:08,12:29,70,480,MCAV,0,0,0,0,0,0,0,0,0,0,0,0,22,"MCAV w/ affected margins/ dead polyps, no sloughing tissue, no other apparent disease, only old mortality on several mcav."
12/8/17,Ryan Eckert,Palm Beach,JUP,SEFL05,12:08,12:29,70,480,UAGA,0,0,0,0,0,0,0,0,0,0,0,0,2,
12/8/17,Ryan Eckert,Palm Beach,JUP,SEFL06,13:12,13:32,71,600,MCAV,0,0,0,0,0,1,0,0,0,0,0,1,87,"MCAV diseased, dead margin, no sloughing tissue"
12/8/17,Ryan Eckert,Palm Beach,JUP,SEFL06,13:12,13:32,71,600,SBOU,0,0,0,0,0,0,0,0,0,0,0,0,1,
12/8/17,Ryan Eckert,Palm Beach,JUP,SEFL06,13:12,13:32,71,600,PAST,0,0,0,0,0,0,0,0,0,0,0,0,29,
12/8/17,Ryan Eckert,Palm Beach,JUP,SEFL06,13:12,13:32,71,600,MDEC,0,0,0,0,0,0,0,0,0,0,0,0,1,
12/8/17,Ryan Eckert,Palm Beach,JUP,SEFL06,13:12,13:32,71,600,SSID,0,0,0,0,0,0,0,0,0,0,0,0,1,
12/8/17,Ryan Eckert,Palm Beach,JUP,SEFL06,13:12,13:32,71,600,UAGA,0,0,0,0,0,0,0,0,0,0,0,0,9,
12/8/17,Ryan Eckert,Palm Beach,JUP,SEFL06,13:12,13:32,71,600,PSTR,0,0,0,0,0,0,0,0,0,0,0,0,1,
12/7/17,Joshua Voss,Palm Beach,WPB,SEFL08,10:01,10:21,55,700,MCAV,0,0,0,0,0,0,0,0,0,0,0,0,19,
12/7/17,Joshua Voss,Palm Beach,WPB,SEFL08,10:01,10:21,55,700,MDEC,0,0,0,0,0,0,0,0,0,0,0,0,7,
12/7/17,Joshua Voss,Palm Beach,WPB,SEFL08,10:01,10:21,55,700,SSID,0,0,0,0,0,0,0,0,0,0,0,0,4,
12/7/17,Joshua Voss,Palm Beach,WPB,SEFL08,10:01,10:21,55,700,PAST,0,0,0,0,0,0,0,0,0,0,0,0,6,
12/7/17,Joshua Voss,Palm Beach,WPB,SEFL08,10:01,10:21,55,700,SINT,0,0,0,0,0,0,0,0,0,0,0,0,1,
12/7/17,Joshua Voss,Palm Beach,WPB,SEFL08,10:01,10:21,55,700,MLAM,0,0,0,0,0,0,0,0,0,0,0,0,1,
12/7/17,Joshua Voss,Palm Beach,WPB,SEFL11,11:59,12:19,49,1300,MCAV,0,0,0,0,0,1,0,0,0,0,0,1,34,Site near CREMP station with temp logger
12/7/17,Joshua Voss,Palm Beach,WPB,SEFL11,11:59,12:19,49,1300,SINT,0,0,0,0,0,0,0,0,0,0,0,0,1,
12/7/17,Joshua Voss,Palm Beach,WPB,SEFL11,11:59,12:19,49,1300,SRAD,0,0,0,0,0,0,0,0,0,0,0,0,1,
12/7/17,Joshua Voss,Palm Beach,WPB,SEFL11,11:59,12:19,49,1300,SSID,0,0,0,0,0,0,0,0,0,0,0,0,3,"Many dead, unidentified colonies > 40"
12/7/17,Joshua Voss,Palm Beach,WPB,SEFL11,11:59,12:19,49,1300,MDEC,0,0,0,0,0,0,0,0,0,0,0,0,2,
12/7/17,Joshua Voss,Palm Beach,WPB,SEFL11,11:59,12:19,49,1300,MFOR,0,0,0,0,0,0,0,0,0,0,0,0,1,
12/7/17,Joshua Voss,Palm Beach,WPB,SEFL11,11:59,12:19,49,1300,EFAST,0,0,0,0,0,0,0,0,0,0,0,0,1,
12/7/17,Joshua Voss,Palm Beach,WPB,SEFL12,12:56,13:16,46,1600,MCAV,0,0,0,0,0,0,0,0,0,0,0,0,15,2 MCAV recruits
12/7/17,Joshua Voss,Palm Beach,WPB,SEFL12,12:56,13:16,46,1600,MDEC,0,0,0,0,0,0,0,0,0,0,0,0,4,
12/7/17,Joshua Voss,Palm Beach,WPB,SEFL12,12:56,13:16,46,1600,PAST,0,0,0,0,0,0,0,0,0,0,0,0,7,
12/7/17,Joshua Voss,Palm Beach,WPB,SEFL12,12:56,13:16,46,1600,SSID,0,0,0,0,0,0,0,0,0,0,0,0,2,
12/7/17,Joshua Voss,Palm Beach,WPB,SEFL12,12:56,13:16,46,1600,DSTO,0,0,0,0,0,0,0,0,0,0,0,0,1,1 CNAT recruit
12/7/17,Joshua Voss,Palm Beach,WPB,SEFL12,12:56,13:16,46,1600,SBOU,0,0,0,0,0,0,0,0,0,0,0,0,1,
4/19/18,Alexis Sturm,Palm Beach,WPB,SEFL08,12:44,13:04,50,750,MCAV,0,0,0,0,0,0,0,0,0,0,0,0,24,Old Fishing Line
4/19/18,Alexis Sturm,Palm Beach,WPB,SEFL08,12:44,13:04,50,750,MDEC,0,0,0,0,0,0,0,0,0,0,0,0,8,
4/19/18,Alexis Sturm,Palm Beach,WPB,SEFL08,12:44,13:04,50,750,SSID,0,0,0,0,0,0,0,0,0,0,0,0,6,
4/19/18,Alexis Sturm,Palm Beach,WPB,SEFL08,12:44,13:04,50,750,AAGA,0,0,0,0,0,0,0,0,0,0,0,0,2,
4/19/18,Alexis Sturm,Palm Beach,WPB,SEFL08,12:44,13:04,50,750,PAST,0,0,0,0,0,0,0,0,0,0,0,0,19,
4/19/18,Ian Combs,Palm Beach,WPB,SEFL08,12:46,13:06,50,750,PAST,0,0,0,0,0,0,0,0,0,0,0,0,36,
4/19/18,Ian Combs,Palm Beach,WPB,SEFL08,12:46,13:06,50,750,SSID,0,0,0,0,0,0,0,0,0,0,0,0,2,
4/19/18,Ian Combs,Palm Beach,WPB,SEFL08,12:46,13:06,50,750,MMEA,0,0,0,0,0,0,0,0,0,0,0,0,2,252
4/19/18,Ian Combs,Palm Beach,WPB,SEFL08,12:46,13:06,50,750,MCAV,0,0,0,0,0,0,0,0,0,0,0,0,19,
4/19/18,Ian Combs,Palm Beach,WPB,SEFL08,12:46,13:06,50,750,SINT,0,0,0,0,0,0,0,0,0,0,0,0,2,
4/19/18,Ian Combs,Palm Beach,WPB,SEFL08,12:46,13:06,50,750,SRAD,0,0,0,0,0,0,0,0,0,0,0,0,3,
4/19/18,Ian Combs,Palm Beach,WPB,SEFL08,12:46,13:06,50,750,MDEC,0,0,0,0,0,0,0,0,0,0,0,0,4,
4/19/18,Ian Combs,Palm Beach,WPB,SEFL08,12:46,13:06,50,750,AAGA,0,0,0,0,0,0,0,0,0,0,0,0,2,
5/30/18,Jeff Beal,Palm Beach,JUP,SEFL04,11:10,11:30,70,100,MCAV,0,0,0,0,0,0,0,0,0,0,0,0,9,
5/30/18,Jeff Beal,Palm Beach,JUP,SEFL04,11:10,11:30,70,100,OANN,0,0,0,0,0,0,0,0,0,0,0,0,1,
5/30/18,Jeff Beal,Palm Beach,JUP,SEFL04,11:10,11:30,70,100,SBOU,0,0,0,0,0,0,0,0,0,0,0,0,4,
5/30/18,Jeff Beal,Palm Beach,JUP,SEFL04,11:10,11:30,70,100,AGGA,0,0,0,0,0,0,0,0,0,0,0,0,7,
5/30/18,Jeff Beal,Palm Beach,JUP,SEFL04,11:10,11:30,70,100,SSID,0,0,0,0,0,0,0,0,0,0,0,0,3,
5/30/18,Jeff Beal,Palm Beach,JUP,SEFL04,11:10,11:30,70,100,PAST,0,0,0,0,0,0,0,0,0,0,0,0,3,
5/30/18,Jeff Beal,Palm Beach,JUP,SEFL04,11:10,11:30,70,100,SRAD,0,0,0,0,0,0,0,0,0,0,0,0,1,
6/1/18,Michael Studivan,Palm Beach,JUP,SEFL06,11:02,11:22,70,2000,MCAV,0,0,0,0,0,0,0,0,0,0,0,0,69,21 Dead
6/1/18,Michael Studivan,Palm Beach,JUP,SEFL06,11:02,11:22,70,2000,PAST,0,0,0,0,0,0,0,0,0,0,0,0,10,
6/1/18,Michael Studivan,Palm Beach,JUP,SEFL06,11:02,11:22,70,2000,AAGA,0,0,0,0,0,0,0,0,0,0,0,0,7,
6/1/18,Michael Studivan,Palm Beach,JUP,SEFL06,11:02,11:22,70,2000,SSID,0,0,0,0,0,0,0,0,0,0,0,0,1,
6/1/18,Michael Studivan,Palm Beach,JUP,SEFL06,11:02,11:22,70,2000,SINT,0,0,0,0,0,0,0,0,0,0,0,0,2,
6/1/18,Michael Studivan,Palm Beach,JUP,SEFL06,11:02,11:22,70,2000,HCUC,0,0,0,0,0,0,0,0,0,0,0,0,1,
6/1/18,Michael Studivan,Palm Beach,JUP,SEFL05,12:52,13:12,67,2000,MCAV,0,0,0,0,0,0,0,0,0,0,0,0,18,
6/1/18,Michael Studivan,Palm Beach,JUP,SEFL05,12:52,13:12,67,2000,ODIF,0,0,0,0,0,0,0,0,0,0,0,0,1,4 Dead
6/1/18,Michael Studivan,Palm Beach,JUP,SEFL05,12:52,13:12,67,2000,SSID,0,0,0,0,0,0,0,0,0,0,0,0,2,
6/1/18,Michael Studivan,Palm Beach,JUP,SEFL05,12:52,13:12,67,2000,SINT,0,0,0,0,0,0,0,0,0,0,0,0,1,
6/1/18,Michael Studivan,Palm Beach,JUP,SEFL05,12:52,13:12,67,2000,AAGA,0,0,0,0,0,0,0,0,0,0,0,0,1,
6/1/18,Michael Studivan,Palm Beach,JUP,SEFL05,12:52,13:12,67,2000,DSTO,0,0,0,0,0,0,0,0,0,0,0,0,1,
8/22/18,Michael Studivan,Palm Beach,JUP,SEFL06,11:29,11:49,60,600,MCAV,0,0,0,0,0,2,0,0,0,0,0,2,68,15 Dead Colonies
8/22/18,Michael Studivan,Palm Beach,JUP,SEFL06,11:29,11:49,60,600,PAST,0,0,0,0,0,0,0,0,0,0,0,0,10,
8/22/18,Michael Studivan,Palm Beach,JUP,SEFL06,11:29,11:49,60,600,AAGA,0,0,0,0,0,0,0,0,0,0,0,0,6,
8/22/18,Michael Studivan,Palm Beach,JUP,SEFL06,11:29,11:49,60,600,SBOU,0,0,0,0,0,0,0,0,0,0,0,0,3,
8/22/18,Michael Studivan,Palm Beach,JUP,SEFL06,11:29,11:49,60,600,SINT,0,0,0,0,0,0,0,0,0,0,0,0,3,
8/22/18,Michael Studivan,Palm Beach,JUP,SEFL06,11:29,11:49,60,600,OFAV,0,0,0,0,0,0,0,0,0,0,0,0,1,
8/22/18,Michael Studivan,Palm Beach,JUP,SEFL06,11:29,11:49,60,600,MDEC,0,0,0,0,0,0,0,0,0,0,0,0,1,
8/22/18,Michael Studivan,Palm Beach,JUP,SEFL04,10:19,10:39,62,600,MCAV,0,0,0,0,0,0,0,0,0,0,0,0,49,5 Dead Colonies
8/22/18,Michael Studivan,Palm Beach,JUP,SEFL04,10:19,10:39,62,600,PAST,0,0,0,0,0,0,0,0,0,0,0,0,4,
8/22/18,Michael Studivan,Palm Beach,JUP,SEFL04,10:19,10:39,62,600,OFAV,0,0,0,0,0,0,0,0,0,0,0,0,1,
8/22/18,Michael Studivan,Palm Beach,JUP,SEFL04,10:19,10:39,62,600,SSID,0,0,0,0,0,0,0,0,0,0,0,0,1,
8/22/18,Michael Studivan,Palm Beach,JUP,SEFL04,10:19,10:39,62,600,SCUB,0,0,0,0,0,0,0,0,0,0,0,0,1,
8/22/18,Michael Studivan,Palm Beach,JUP,SEFL04,10:19,10:39,62,600,AAGA,0,0,0,0,0,0,0,0,0,0,0,0,3,
8/22/18,Michael Studivan,Palm Beach,JUP,SEFL04,10:19,10:39,62,600,HCUC,0,0,0,0,0,0,0,0,0,0,0,0,1,
8/22/18,Michael Studivan,Palm Beach,JUP,SEFL05,13:05,13:25,66,700,MCAV,0,0,0,0,0,0,0,0,0,0,0,0,18,4 Dead Colonies
8/22/18,Michael Studivan,Palm Beach,JUP,SEFL05,13:05,13:25,66,700,AAGA,0,0,0,0,0,0,0,0,0,0,0,0,1,
8/31/18,Jeff Beal,Palm Beach,WPB,SEFL08,10:57,11:21,68,750,MDEC,0,0,0,0,0,0,0,0,0,0,0,0,10,
8/31/18,Jeff Beal,Palm Beach,WPB,SEFL08,10:57,11:21,68,750,MCAV,0,0,0,0,0,0,0,0,0,0,0,0,44,
8/31/18,Jeff Beal,Palm Beach,WPB,SEFL08,10:57,11:21,68,750,MYCE,0,0,0,0,0,0,0,0,0,0,0,0,1,
8/31/18,Jeff Beal,Palm Beach,WPB,SEFL08,10:57,11:21,68,750,SSID,0,0,0,0,0,0,0,0,0,0,0,0,2,
8/31/18,Jeff Beal,Palm Beach,WPB,SEFL08,10:57,11:21,68,750,PAST,0,0,0,0,0,0,0,0,0,0,0,0,23,
8/31/18,Jeff Beal,Palm Beach,WPB,SEFL08,10:57,11:21,68,750,SBOU,0,0,0,0,0,0,0,0,0,0,0,0,1,
8/31/18,Jeff Beal,Palm Beach,WPB,SEFL08,10:57,11:21,68,750,MMEA,0,0,0,0,0,0,0,0,0,0,0,0,3,
8/31/18,Jeff Beal,Palm Beach,WPB,SEFL08,10:57,11:21,68,750,AAGA,0,0,0,0,0,0,0,0,0,0,0,0,2,
8/31/18,Jeff Beal,Palm Beach,WPB,SEFL08,10:57,11:21,68,750,DSTO,0,0,0,0,0,0,0,0,0,0,0,0,1,
8/31/18,Jeff Beal,Palm Beach,WPB,SEFL11,11:57,12:17,50,700,PAST,0,0,0,0,0,1,0,0,0,0,0,1,10,
8/31/18,Jeff Beal,Palm Beach,WPB,SEFL11,11:57,12:17,50,700,MCAV,0,0,0,0,0,1,0,0,0,0,0,1,35,
8/31/18,Jeff Beal,Palm Beach,WPB,SEFL11,11:57,12:17,50,700,MDEC,0,0,0,0,0,0,0,0,0,0,0,0,1,
8/31/18,Jeff Beal,Palm Beach,WPB,SEFL11,11:57,12:17,50,700,MMEA,0,0,0,0,0,0,0,0,0,0,0,0,4,5 cup corals
8/31/18,Jeff Beal,Palm Beach,WPB,SEFL11,11:57,12:17,50,700,MANG,0,0,0,0,0,0,0,0,0,0,0,0,1,
8/31/18,Jeff Beal,Palm Beach,WPB,SEFL11,11:57,12:17,50,700,SRAD,0,0,0,0,0,0,0,0,0,0,0,0,3,
8/31/18,Jeff Beal,Palm Beach,WPB,SEFL11,11:57,12:17,50,700,SSID,0,0,0,0,0,0,0,0,0,0,0,0,2,
11/8/18,Ryan Eckert,Broward,PMP,FTL4,11:56,12:16,22,800,MCAV,0,0,0,0,0,8,0,0,0,0,0,8,47,
11/8/18,Ryan Eckert,Broward,PMP,FTL4,11:56,12:16,22,800,SBOU,0,0,0,0,0,0,0,0,0,0,0,0,2,
11/8/18,Ryan Eckert,Broward,PMP,FTL4,11:56,12:16,22,800,SINT,0,0,0,0,0,0,0,0,0,0,0,0,1,
11/8/18,Ryan Eckert,Broward,PMP,FTL4,11:56,12:16,22,800,SSID,0,0,0,0,0,0,0,0,0,0,0,0,5,
11/8/18,Ryan Eckert,Broward,PMP,FTL4,11:56,12:16,22,800,OFAV,0,0,0,0,0,1,0,0,0,0,0,1,1,
11/8/18,Ryan Eckert,Broward,PMP,BC1,13:45,14:05,31,1000,MCAV,0,0,0,0,0,25,0,0,0,0,0,25,180,
11/8/18,Ryan Eckert,Broward,PMP,BC1,13:45,14:05,31,1000,OFAV,0,0,0,0,0,0,0,0,0,0,0,0,7,
11/8/18,Ryan Eckert,Broward,PMP,BC1,13:45,14:05,31,1000,SBOU,0,0,0,0,0,0,0,0,0,0,0,0,3,
11/8/18,Ryan Eckert,Broward,PMP,BC1,13:45,14:05,31,1000,PAST,0,0,0,0,0,0,0,0,0,0,0,0,4,
11/8/18,Ryan Eckert,Broward,PMP,BC1,13:45,14:05,31,1000,SSID,0,0,0,0,0,0,0,0,0,0,0,0,4,
11/8/18,Ryan Eckert,Broward,PMP,BC1,13:45,14:05,31,1000,SINT,0,0,0,0,0,0,0,0,0,0,0,0,8,
11/8/18,Ryan Eckert,Broward,PMP,BC1,13:45,14:05,31,1000,MAUR,0,0,0,0,0,0,0,0,0,0,0,0,4,
11/8/18,Ryan Eckert,Broward,PMP,BC1,13:45,14:05,31,1000,CNAT,0,0,0,0,0,1,0,0,0,0,0,1,0,
11/8/18,Ryan Eckert,Broward,PMP,T328,15:03,15:23,18,900,MCAV,0,0,0,0,0,15,0,0,0,0,0,15,45,
11/8/18,Ryan Eckert,Broward,PMP,T328,15:03,15:23,18,900,OFAV,0,0,0,0,0,0,0,0,0,0,0,0,1,
11/8/18,Ryan Eckert,Broward,PMP,T328,15:03,15:23,18,900,SINT,0,0,0,0,0,0,0,0,0,0,0,0,2,
11/8/18,Ryan Eckert,Broward,PMP,T328,15:03,15:23,18,900,PAST,0,0,0,0,0,1,0,0,0,0,0,1,4,
11/8/18,Ryan Eckert,Broward,PMP,T328,15:03,15:23,18,900,SSID,0,0,0,0,0,0,0,0,0,0,0,0,3,
11/8/18,Ryan Eckert,Broward,PMP,T328,15:03,15:23,18,900,PSTR,0,0,0,0,0,0,0,0,0,0,0,0,3,
11/8/18,Ryan Eckert,Broward,PMP,T328,15:03,15:23,18,900,AAGA,0,0,0,0,0,1,0,0,0,0,0,1,0,
11/8/18,Ryan Eckert,Broward,PMP,T328,15:03,15:23,18,900,ACER,0,0,0,0,0,0,0,0,0,0,0,0,1,
12/17/18,Joshua Voss,Broward,PMP,T328,9:59,10:19,22,900,MCAV,0,0,0,0,0,10,0,0,0,0,0,10,70,
12/17/18,Joshua Voss,Broward,PMP,T328,9:59,10:19,22,900,OFAV,0,0,0,0,0,1,0,0,0,0,0,1,0,
12/17/18,Joshua Voss,Broward,PMP,T328,9:59,10:19,22,900,SSID,0,0,0,0,0,0,0,0,0,0,0,0,10,
12/17/18,Joshua Voss,Broward,PMP,T328,9:59,10:19,22,900,PAST,0,0,0,0,0,0,0,0,0,0,0,0,2,
12/17/18,Joshua Voss,Broward,PMP,T328,9:59,10:19,22,900,ACER,0,0,0,0,0,0,0,0,0,0,0,0,20,
12/17/18,Joshua Voss,Broward,PMP,T328,9:59,10:19,22,900,SINT,0,0,0,0,0,0,0,0,0,0,0,0,4,
12/17/18,Joshua Voss,Broward,PMP,T328,9:59,10:19,22,900,AAGA,0,0,0,0,0,0,0,0,0,0,0,0,2,
12/17/18,Joshua Voss,Broward,PMP,T328,9:59,10:19,22,900,SBOU,0,0,0,0,0,0,0,0,0,0,0,0,3,
12/17/18,Joshua Voss,Broward,PMP,T328,9:59,10:19,22,900,PCLI,0,0,0,0,0,0,0,0,0,0,0,0,1,
12/17/18,Joshua Voss,Broward,PMP,BC1,11:06,11:26,31,800,MCAV,0,0,0,0,0,23,0,0,0,0,0,23,192,
12/17/18,Joshua Voss,Broward,PMP,BC1,11:06,11:26,31,800,SINT,0,0,0,0,0,0,0,0,0,0,0,0,10,
12/17/18,Joshua Voss,Broward,PMP,BC1,11:06,11:26,31,800,PAST,0,0,0,0,0,0,0,0,0,0,0,0,11,
12/17/18,Joshua Voss,Broward,PMP,BC1,11:06,11:26,31,800,SSID,0,0,0,0,0,0,0,0,0,0,0,0,33,
12/17/18,Joshua Voss,Broward,PMP,BC1,11:06,11:26,31,800,PPOR,0,0,0,0,0,0,0,0,0,0,0,0,1,
12/17/18,Joshua Voss,Broward,PMP,BC1,11:06,11:26,31,800,OFAV,0,0,0,0,0,0,0,0,0,0,0,0,15,
12/17/18,Joshua Voss,Broward,PMP,BC1,11:06,11:26,31,800,SBOU,0,0,0,0,0,0,0,0,0,0,0,0,4,
12/17/18,Joshua Voss,Broward,PMP,BC1,11:06,11:26,31,800,AAGA,0,0,0,0,0,0,0,0,0,0,0,0,1,
12/17/18,Joshua Voss,Broward,PMP,BC1,11:06,11:26,31,800,MAUR,0,0,0,0,0,0,0,0,0,0,0,0,23,
12/17/18,Joshua Voss,Broward,PMP,BC1,11:06,11:26,31,800,CNAT,0,0,0,0,0,0,0,0,0,0,0,0,1,
12/17/18,Joshua Voss,Broward,PMP,BC1,11:06,11:26,31,800,MFOR,0,0,0,0,0,0,0,0,0,0,0,0,1,
12/17/18,Joshua Voss,Broward,PMP,T328,12:55,13:15,18,700,MCAV,0,0,0,0,0,9,0,0,0,0,0,9,60,
12/17/18,Joshua Voss,Broward,PMP,T328,12:55,13:15,18,700,PAST,0,0,0,0,0,0,0,0,0,0,0,0,5,
12/17/18,Joshua Voss,Broward,PMP,T328,12:55,13:15,18,700,SINT,0,0,0,0,0,0,0,0,0,0,0,0,3,
12/17/18,Joshua Voss,Broward,PMP,T328,12:55,13:15,18,700,SSID,0,0,0,0,0,0,0,0,0,0,0,0,5,
12/17/18,Joshua Voss,Broward,PMP,T328,12:55,13:15,18,700,PSTR,0,0,0,0,0,0,0,0,0,0,0,0,3,
12/17/18,Joshua Voss,Broward,PMP,T328,12:55,13:15,18,700,AAGA,0,0,0,0,0,0,0,0,0,0,0,0,2,
12/17/18,Joshua Voss,Broward,PMP,T328,12:55,13:15,18,700,OFAV,0,0,0,0,0,0,0,0,0,0,0,0,2,
12/18/18,Ryan Eckert,Palm Beach,JUP,SEFL04,10:47,11:07,67,1500,MCAV,0,0,0,0,0,0,0,0,0,0,0,0,109,
12/18/18,Ryan Eckert,Palm Beach,JUP,SEFL04,10:47,11:07,67,1500,PAST,0,0,0,0,0,0,0,0,0,0,0,0,6,
12/18/18,Ryan Eckert,Palm Beach,JUP,SEFL04,10:47,11:07,67,1500,AAGA,0,0,0,0,0,0,0,0,0,0,0,0,7,
12/18/18,Ryan Eckert,Palm Beach,JUP,SEFL04,10:47,11:07,67,1500,SINT,0,0,0,0,0,0,0,0,0,0,0,0,2,
12/18/18,Ryan Eckert,Palm Beach,JUP,SEFL04,10:47,11:07,67,1500,SSID,0,0,0,0,0,0,0,0,0,0,0,0,1,
12/18/18,Ryan Eckert,Palm Beach,JUP,SEFL04,10:47,11:07,67,1500,DSTO,0,0,0,0,0,0,0,0,0,0,0,0,1,
12/18/18,Ryan Eckert,Palm Beach,JUP,SEFL04,10:47,11:07,67,1500,CNAT,0,0,0,0,0,0,0,0,0,0,0,0,1,
12/18/18,Ian Combs,Palm Beach,JUP,SEFL04,10:47,11:07,67,1500,SSID,0,0,0,0,0,0,0,0,0,0,0,0,3,
12/18/18,Ian Combs,Palm Beach,JUP,SEFL04,10:47,11:07,67,1500,MCAV,0,0,0,0,0,0,0,0,0,0,0,0,44,
12/18/18,Ian Combs,Palm Beach,JUP,SEFL04,10:47,11:07,67,1500,PAST,0,0,0,0,0,0,0,0,0,0,0,0,10,
12/18/18,Ian Combs,Palm Beach,JUP,SEFL04,10:47,11:07,67,1500,AAGA,0,0,0,0,0,0,0,0,0,0,0,0,5,
12/18/18,Ian Combs,Palm Beach,JUP,SEFL04,10:47,11:07,67,1500,SRAD,0,0,0,0,0,0,0,0,0,0,0,0,1,
12/18/18,Ryan Eckert,Palm Beach,JUP,SEFL05,11:46,12:06,74,1200,MCAV,0,0,0,0,0,0,0,0,0,0,0,0,16,
12/18/18,Ryan Eckert,Palm Beach,JUP,SEFL05,11:46,12:06,74,1200,DSTO,0,0,0,0,0,0,0,0,0,0,0,0,2,
12/18/18,Ryan Eckert,Palm Beach,JUP,SEFL05,11:46,12:06,74,1200,AAGA,0,0,0,0,0,0,0,0,0,0,0,0,3,
12/18/18,Ryan Eckert,Palm Beach,JUP,SEFL05,11:46,12:06,74,1200,SRAD,0,0,0,0,0,0,0,0,0,0,0,0,1,
12/18/18,Ian Combs,Palm Beach,JUP,SEFL05,11:46,12:06,74,1500,MCAV,0,0,0,0,0,0,0,0,0,0,0,0,6,
12/18/18,Ian Combs,Palm Beach,JUP,SEFL05,11:46,12:06,74,1500,SRAD,0,0,0,0,0,0,0,0,0,0,0,0,1,"Lots of SSID, SRAD, SINT recruits <10cm"
12/18/18,Ian Combs,Palm Beach,JUP,SEFL05,11:46,12:06,74,1500,SINT,0,0,0,0,0,0,0,0,0,0,0,0,2,
12/18/18,Ian Combs,Palm Beach,JUP,SEFL05,11:46,12:06,74,1500,AAGA,0,0,0,0,0,0,0,0,0,0,0,0,2,
12/18/18,Ryan Eckert,Palm Beach,JUP,SEFL06,12:46,13:06,78,1100,MCAV,0,0,0,0,0,3,0,0,0,0,0,3,123,
12/18/18,Ryan Eckert,Palm Beach,JUP,SEFL06,12:46,13:06,78,1100,PAST,0,0,0,0,0,0,0,0,0,0,0,0,29,
12/18/18,Ryan Eckert,Palm Beach,JUP,SEFL06,12:46,13:06,78,1100,SINT,0,0,0,0,0,0,0,0,0,0,0,0,5,
12/18/18,Ryan Eckert,Palm Beach,JUP,SEFL06,12:46,13:06,78,1100,AAGA,0,0,0,0,0,0,0,0,0,0,0,0,4,
12/18/18,Ryan Eckert,Palm Beach,JUP,SEFL06,12:46,13:06,78,1100,SBOU,0,0,0,0,0,0,0,0,0,0,0,0,2,
12/18/18,Ryan Eckert,Palm Beach,JUP,SEFL06,12:46,13:06,78,1100,SSID,0,0,0,0,0,0,0,0,0,0,0,0,1,
12/18/18,Ian Combs,Palm Beach,JUP,SEFL06,12:45,13:05,78,1200,MCAV,0,0,0,0,0,4,0,0,0,0,0,4,47,
12/18/18,Ian Combs,Palm Beach,JUP,SEFL06,12:45,13:05,78,1200,PAST,0,0,0,0,0,0,0,0,0,0,0,0,13,
12/18/18,Ian Combs,Palm Beach,JUP,SEFL06,12:45,13:05,78,1200,MDEC,0,0,0,0,0,0,0,0,0,0,0,0,1,
12/18/18,Ian Combs,Palm Beach,JUP,SEFL06,12:45,13:05,78,1200,AAGA,0,0,0,0,0,0,0,0,0,0,0,0,6,
12/18/18,Ian Combs,Palm Beach,JUP,SEFL06,12:45,13:05,78,1200,SINT,0,0,0,0,0,0,0,0,0,0,0,0,1,
12/18/18,Ian Combs,Palm Beach,JUP,SEFL06,12:45,13:05,78,1200,SRAD,0,0,0,0,0,0,0,0,0,0,0,0,1,
2/5/19,Alexis Sturm,Palm Beach,WPB,SEFL08,10:51,11:11,NA,1000,MCAV,0,0,0,0,0,0,0,0,0,0,0,0,58,
2/5/19,Alexis Sturm,Palm Beach,WPB,SEFL08,10:51,11:11,NA,1000,PAST,0,0,0,0,0,0,0,0,0,0,0,0,8,
2/5/19,Alexis Sturm,Palm Beach,WPB,SEFL08,10:51,11:11,NA,1000,MALC,0,0,0,0,0,0,0,0,0,0,0,0,2,
2/5/19,Alexis Sturm,Palm Beach,WPB,SEFL08,10:51,11:11,NA,1000,MDEC,0,0,0,0,0,0,0,0,0,0,0,0,7,
2/5/19,Alexis Sturm,Palm Beach,WPB,SEFL08,10:51,11:11,NA,1000,SSID,0,0,0,0,0,0,0,0,0,0,0,0,6,
2/5/19,Alexis Sturm,Palm Beach,WPB,SEFL08,10:51,11:11,NA,1000,DSTO,0,0,0,0,0,0,0,0,0,0,0,0,2,
2/5/19,Alexis Sturm,Palm Beach,WPB,SEFL08,10:51,11:11,NA,1000,SINT,0,0,0,0,0,0,0,0,0,0,0,0,2,
2/5/19,Alexis Sturm,Palm Beach,WPB,SEFL08,10:51,11:11,NA,1000,SRAD,0,0,0,0,0,0,0,0,0,0,0,0,1,
2/5/19,Ryan Eckert,Palm Beach,WPB,SEFL08,10:56,11:16,NA,1000,PAST,0,0,0,0,0,0,0,0,0,0,0,0,13,
2/5/19,Ryan Eckert,Palm Beach,WPB,SEFL08,10:56,11:16,NA,1000,MCAV,0,0,0,0,0,0,0,0,0,0,0,0,48,
2/5/19,Ryan Eckert,Palm Beach,WPB,SEFL08,10:56,11:16,NA,1000,MDEC,0,0,0,0,0,0,0,0,0,0,0,0,7,
2/5/19,Ryan Eckert,Palm Beach,WPB,SEFL08,10:56,11:16,NA,1000,SSID,0,0,0,0,0,0,0,0,0,0,0,0,1,
2/5/19,Ryan Eckert,Palm Beach,WPB,SEFL08,10:56,11:16,NA,1000,DLAB,0,0,0,0,0,0,0,0,0,0,0,0,1,
2/5/19,Ryan Eckert,Palm Beach,WPB,SEFL08,10:56,11:16,NA,1000,PCLI,0,0,0,0,0,0,0,0,0,0,0,0,2,
2/5/19,Ryan Eckert,Palm Beach,WPB,SEFL08,10:56,11:16,NA,1000,MMEA,0,0,0,0,0,0,0,0,0,0,0,0,2,
2/5/19,Ryan Eckert,Palm Beach,WPB,SEFL08,10:56,11:16,NA,1000,PSTR,0,0,0,0,0,0,0,0,0,0,0,0,2,
2/5/19,Alexis Sturm,Palm Beach,WPB,SEFL11,12:38,12:58,NA,1200,MCAV,0,0,0,0,0,0,0,0,0,0,0,0,32,
2/5/19,Alexis Sturm,Palm Beach,WPB,SEFL11,12:38,12:58,NA,1200,MAUR,0,0,0,0,0,0,0,0,0,0,0,0,3,
2/5/19,Alexis Sturm,Palm Beach,WPB,SEFL11,12:38,12:58,NA,1200,SINT,0,0,0,0,0,0,0,0,0,0,0,0,5,
2/5/19,Alexis Sturm,Palm Beach,WPB,SEFL11,12:38,12:58,NA,1200,MDEC,0,0,0,0,0,0,0,0,0,0,0,0,3,
2/5/19,Alexis Sturm,Palm Beach,WPB,SEFL11,12:38,12:58,NA,1200,PAST,0,0,0,0,0,0,0,0,0,0,0,0,14,
2/5/19,Alexis Sturm,Palm Beach,WPB,SEFL11,12:38,12:58,NA,1200,EFAS,0,0,0,0,0,0,0,0,0,0,0,0,2,
2/5/19,Alexis Sturm,Palm Beach,WPB,SEFL11,12:38,12:58,NA,1200,MMEA,0,0,0,0,0,0,0,0,0,0,0,0,2,
2/5/19,Alexis Sturm,Palm Beach,WPB,SEFL11,12:38,12:58,NA,1200,SSID,0,0,0,0,0,0,0,0,0,0,0,0,6,
2/5/19,Alexis Sturm,Palm Beach,WPB,SEFL11,12:38,12:58,NA,1200,AAGA,0,0,0,0,0,0,0,0,0,0,0,0,1,
2/5/19,Ryan Eckert,Palm Beach,WPB,SEFL11,12:43,13:03,NA,1400,PAST,0,0,0,0,0,0,0,0,0,0,0,0,23,
2/5/19,Ryan Eckert,Palm Beach,WPB,SEFL11,12:43,13:03,NA,1400,MCAV,0,0,0,0,0,0,0,0,0,0,0,0,58,
2/5/19,Ryan Eckert,Palm Beach,WPB,SEFL11,12:43,13:03,NA,1400,MAUR,0,0,0,0,0,0,0,0,0,0,0,0,1,
2/5/19,Ryan Eckert,Palm Beach,WPB,SEFL11,12:43,13:03,NA,1400,SSID,0,0,0,0,0,0,0,0,0,0,0,0,3,
2/5/19,Ryan Eckert,Palm Beach,WPB,SEFL11,12:43,13:03,NA,1400,MDEC,0,0,0,0,0,0,0,0,0,0,0,0,2,
2/5/19,Alexis Sturm,Palm Beach,WPB,SEFL12,13:36,13:56,NA,1200,MCAV,0,0,0,0,0,0,0,0,0,0,0,0,28,
2/5/19,Alexis Sturm,Palm Beach,WPB,SEFL12,13:36,13:56,NA,1200,PAST,0,0,0,0,0,0,0,0,0,0,0,0,10,
2/5/19,Alexis Sturm,Palm Beach,WPB,SEFL12,13:36,13:56,NA,1200,SINT,0,0,0,0,0,0,0,0,0,0,0,0,3,
2/5/19,Alexis Sturm,Palm Beach,WPB,SEFL12,13:36,13:56,NA,1200,SSID,0,0,0,0,0,0,0,0,0,0,0,0,4,
2/5/19,Alexis Sturm,Palm Beach,WPB,SEFL12,13:36,13:56,NA,1200,PSTR,0,0,0,0,0,0,0,0,0,0,0,0,3,
2/5/19,Alexis Sturm,Palm Beach,WPB,SEFL12,13:36,13:56,NA,1200,MMEA,0,0,0,0,0,0,0,0,0,0,0,0,1,
2/5/19,Ryan Eckert,Palm Beach,WPB,SEFL12,13:41,14:01,NA,1200,MCAV,0,0,0,0,0,0,0,0,0,0,0,0,29,
2/5/19,Ryan Eckert,Palm Beach,WPB,SEFL12,13:41,14:01,NA,1200,MMEA,0,0,0,0,0,0,0,0,0,0,0,0,3,
2/5/19,Ryan Eckert,Palm Beach,WPB,SEFL12,13:41,14:01,NA,1200,MFER,0,0,0,0,0,0,0,0,0,0,0,0,1,
2/5/19,Ryan Eckert,Palm Beach,WPB,SEFL12,13:41,14:01,NA,1200,SINT,0,0,0,0,0,0,0,0,0,0,0,0,2,
2/5/19,Ryan Eckert,Palm Beach,WPB,SEFL12,13:41,14:01,NA,1200,MDEC,0,0,0,0,0,0,0,0,0,0,0,0,4,
2/5/19,Ryan Eckert,Palm Beach,WPB,SEFL12,13:41,14:01,NA,1200,PAST,0,0,0,0,0,0,0,0,0,0,0,0,3,
2/5/19,Ryan Eckert,Palm Beach,WPB,SEFL12,13:41,14:01,NA,1200,SSID,0,0,0,0,0,0,0,0,0,0,0,0,3,
2/5/19,Ryan Eckert,Palm Beach,WPB,SEFL12,13:41,14:01,NA,1200,PSTR,0,0,0,0,0,0,0,0,0,0,0,0,1,
2/5/19,Ryan Eckert,Palm Beach,WPB,SEFL12,13:41,14:01,NA,1200,DSTO,0,0,0,0,0,0,0,0,0,0,0,0,1,
2/5/19,Ryan Eckert,Palm Beach,WPB,SEFL12,13:41,14:01,NA,1200,PCLI,0,0,0,0,0,0,0,0,0,0,0,0,1,
2/5/19,Ryan Eckert,Palm Beach,WPB,SEFL12,13:41,14:01,NA,1200,FFRA,0,0,0,0,0,0,0,0,0,0,0,0,1,
2/5/19,Ryan Eckert,Palm Beach,WPB,SEFL12,13:41,14:01,NA,1200,CNAT,0,0,0,0,0,0,0,0,0,0,0,0,1,
3/1/19,Joshua Voss,Martin,SLR,SLR South,10:32,11:13,NA,NA,SBOU,0,0,0,0,0,0,0,0,0,0,0,0,1,
3/1/19,Joshua Voss,Martin,SLR,SLR South,10:32,11:13,NA,NA,SRAD,0,0,0,0,0,0,0,0,0,0,0,0,9,
3/1/19,Joshua Voss,Martin,SLR,SLR South,10:32,11:13,NA,NA,MCAV,0,0,0,0,0,0,0,0,0,0,0,0,2,
3/1/19,Joshua Voss,Martin,SLR,SLR South,10:32,11:13,NA,NA,OVAR,0,0,0,0,0,0,0,0,0,0,0,0,1,
3/1/19,Joshua Voss,Martin,SLR,SLR Ledge,12:07,12:52,NA,NA,MCAV,0,0,0,0,0,0,0,0,0,0,0,0,8,
3/1/19,Joshua Voss,Martin,SLR,SLR Ledge,12:07,12:52,NA,NA,OVAR,0,0,0,0,0,0,0,0,0,0,0,0,4,
3/1/19,Joshua Voss,Martin,SLR,SLR Ledge,12:07,12:52,NA,NA,MDEC,0,0,0,0,0,0,0,0,0,0,0,0,14,
3/1/19,Joshua Voss,Martin,SLR,SLR Ledge,12:07,12:52,NA,NA,SRAD,0,0,0,0,0,0,0,0,0,0,0,0,13,
3/1/19,Joshua Voss,Martin,SLR,SLR Ledge,12:07,12:52,NA,NA,SSID,0,0,0,0,0,0,0,0,0,0,0,0,3,
3/1/19,Joshua Voss,Martin,SLR,SLR Ledge,12:07,12:52,NA,NA,PAST,0,0,0,0,0,0,0,0,0,0,0,0,11,
3/1/19,Jeff Beal,Martin,SLR,SLR Central,,,NA,NA,PAST,0,0,0,0,0,0,0,0,0,0,0,0,207,
3/1/19,Jeff Beal,Martin,SLR,SLR Central,,,NA,NA,MCAV,0,0,0,0,0,0,0,0,0,0,0,0,1,
3/1/19,Jeff Beal,Martin,SLR,SLR Central,,,NA,NA,SRAD,0,0,0,0,0,0,0,0,0,0,0,0,33,
3/1/19,Jeff Beal,Martin,SLR,SLR Central,,,NA,NA,PCLI,0,0,0,0,0,0,0,0,0,0,0,0,5,
3/4/19,Ian Combs,Broward,PMP,FTL4,10:25,10:45,NA,800,MCAV,0,0,0,0,0,5,0,0,0,0,0,5,69,
3/4/19,Ian Combs,Broward,PMP,FTL4,10:25,10:45,NA,800,SSID,0,0,0,0,0,0,0,0,0,0,0,0,8,
3/4/19,Ian Combs,Broward,PMP,FTL4,10:25,10:45,NA,800,SBOU,0,0,0,0,0,0,0,0,0,0,0,0,2,
3/4/19,Ian Combs,Broward,PMP,FTL4,10:25,10:45,NA,800,ACER,0,0,0,0,0,0,0,0,0,0,0,0,3,
3/4/19,Ian Combs,Broward,PMP,FTL4,10:25,10:45,NA,800,PAST,0,0,0,0,0,1,0,0,0,0,0,1,1,
3/4/19,Ian Combs,Broward,PMP,FTL4,10:25,10:45,NA,800,CNAT,0,0,0,0,0,0,0,0,0,0,0,0,1,
3/4/19,Ian Combs,Broward,PMP,FTL4,10:25,10:45,NA,800,PSTR,0,0,0,0,0,0,0,0,1,0,0,1,1,
3/4/19,Ian Combs,Broward,PMP,FTL4,10:25,10:45,NA,800,SINT,0,0,0,0,0,0,0,0,0,0,0,0,3,
3/4/19,Ian Combs,Broward,PMP,BC1,11:42,12:02,NA,800,MCAV,0,0,0,0,0,3,0,0,0,0,0,3,100,
3/4/19,Ian Combs,Broward,PMP,BC1,11:42,12:02,NA,800,PAST,0,0,0,0,0,2,0,0,0,0,0,2,11,
3/4/19,Ian Combs,Broward,PMP,BC1,11:42,12:02,NA,800,SSID,0,0,0,0,0,0,0,0,0,0,0,0,6,
3/4/19,Ian Combs,Broward,PMP,BC1,11:42,12:02,NA,800,SBOU,0,0,0,0,0,0,0,0,0,0,0,0,8,
3/4/19,Ian Combs,Broward,PMP,BC1,11:42,12:02,NA,800,OFAV,0,0,0,0,0,0,0,0,0,0,0,0,4,
3/4/19,Ian Combs,Broward,PMP,BC1,11:42,12:02,NA,800,SINT,0,0,0,0,0,0,0,0,0,0,0,0,7,
3/4/19,Ian Combs,Broward,PMP,BC1,11:42,12:02,NA,800,SRAD,0,0,0,0,0,0,0,0,0,0,0,0,7,
3/4/19,Ian Combs,Broward,PMP,BC1,11:42,12:02,NA,800,DLAB,0,0,0,0,0,0,0,0,0,0,0,0,1,
3/4/19,Ian Combs,Broward,PMP,BC1,11:42,12:02,NA,800,DSTO,0,0,0,0,0,1,0,0,0,0,0,1,0,
3/4/19,Ian Combs,Broward,PMP,BC1,11:42,12:02,NA,800,MAUR,0,0,0,0,0,0,0,0,0,0,0,0,4,
3/4/19,Ian Combs,Broward,PMP,T328,12:52,13:12,NA,1000,MCAV,0,0,0,0,0,3,0,0,0,0,0,3,24,
3/4/19,Ian Combs,Broward,PMP,T328,12:52,13:12,NA,1000,PSTR,0,0,0,0,0,0,0,0,0,0,0,0,1,
3/4/19,Ian Combs,Broward,PMP,T328,12:52,13:12,NA,1000,PAST,0,0,0,0,0,2,0,0,0,0,0,2,5,
3/4/19,Ian Combs,Broward,PMP,T328,12:52,13:12,NA,1000,AAGA,0,0,0,0,0,2,0,0,0,0,0,2,3,
3/4/19,Ian Combs,Broward,PMP,T328,12:52,13:12,NA,1000,SRAD,0,0,0,0,0,0,0,0,0,0,0,0,3,
3/4/19,Ian Combs,Broward,PMP,T328,12:52,13:12,NA,1000,SINT,0,0,0,0,0,0,0,0,0,0,0,0,2,
3/4/19,Ian Combs,Broward,PMP,T328,12:52,13:12,NA,1000,OANN,0,0,0,0,0,4,0,0,0,0,0,4,2,
3/11/19,Ian Combs,Palm Beach,JUP,SEFL05,11:44,12:04,NA,800,MCAV,0,0,0,0,0,1,0,0,0,0,0,1,9,
3/11/19,Ian Combs,Palm Beach,JUP,SEFL05,11:44,12:04,NA,800,SINT,0,0,0,0,0,0,0,0,0,0,0,0,1,
3/11/19,Ian Combs,Palm Beach,JUP,SEFL05,11:44,12:04,NA,800,AAGA,0,0,0,0,0,0,0,0,0,0,0,0,1,
3/11/19,Ian Combs,Palm Beach,JUP,SEFL05,11:44,12:04,NA,800,AFRA,0,0,0,0,0,0,0,0,0,0,0,0,1,
3/11/19,Ian Combs,Palm Beach,JUP,SEFL06,10:51,11:11,NA,1000,MCAV,0,0,0,0,0,4,0,0,0,0,0,4,63,
3/11/19,Ian Combs,Palm Beach,JUP,SEFL06,10:51,11:11,NA,1000,AAGA,0,0,0,0,0,5,0,0,0,0,0,5,1,
3/11/19,Ian Combs,Palm Beach,JUP,SEFL06,10:51,11:11,NA,1000,PSTR,0,0,0,0,0,0,0,0,0,0,0,0,1,
3/11/19,Ian Combs,Palm Beach,JUP,SEFL06,10:51,11:11,NA,1000,PAST,0,0,0,0,0,0,0,0,0,0,0,0,5,
3/11/19,Ian Combs,Palm Beach,JUP,SEFL06,10:51,11:11,NA,1000,SBOU,0,0,0,0,0,0,0,0,0,0,0,0,1,
3/11/19,Ian Combs,Palm Beach,JUP,SEFL06,10:51,11:11,NA,1000,SINT,0,0,0,0,0,0,0,0,0,0,0,0,2,
3/11/19,Ian Combs,Palm Beach,JUP,SEFL06,10:51,11:11,NA,1000,DSTO,0,0,0,0,0,0,0,0,0,0,0,0,1,
3/11/19,Ian Combs,Palm Beach,JUP,SEFL06,10:51,11:11,NA,1000,CNAT,0,0,0,0,0,0,0,0,0,0,0,0,1,
3/11/19,Ian Combs,Palm Beach,JUP,SEFL04,12:32,12:52,NA,1000,MCAV,0,0,0,0,0,0,0,0,0,0,0,0,28,
3/11/19,Ian Combs,Palm Beach,JUP,SEFL04,12:32,12:52,NA,1000,MDEC,0,0,0,0,0,0,0,0,0,0,0,0,1,
3/11/19,Ian Combs,Palm Beach,JUP,SEFL04,12:32,12:52,NA,1000,AAGA,0,0,0,0,0,3,0,0,0,0,0,3,5,
3/11/19,Ian Combs,Palm Beach,JUP,SEFL04,12:32,12:52,NA,1000,SINT,0,0,0,0,0,0,0,0,0,0,0,0,4,
3/11/19,Ian Combs,Palm Beach,JUP,SEFL04,12:32,12:52,NA,1000,PAST,0,0,0,0,0,0,0,0,0,0,0,0,12,
3/11/19,Ian Combs,Palm Beach,JUP,SEFL04,12:32,12:52,NA,1000,MMEA,0,0,0,0,0,0,0,0,0,0,0,0,3,
3/11/19,Ian Combs,Palm Beach,JUP,SEFL04,12:32,12:52,NA,1000,OFAV,0,0,0,0,0,0,0,0,0,0,0,0,1,
3/11/19,Ian Combs,Palm Beach,JUP,SEFL04,12:32,12:52,NA,1000,SSID,0,0,0,0,0,0,0,0,0,0,0,0,1,
3/11/19,Ian Combs,Palm Beach,JUP,SEFL04,12:32,12:52,NA,1000,DSTO,0,0,0,0,0,0,0,0,0,0,0,0,3,
3/11/19,Ian Combs,Palm Beach,JUP,SEFL04,12:32,12:52,NA,1000,PSTR,0,0,0,0,0,0,0,0,0,0,0,0,2,
3/11/19,Ian Combs,Palm Beach,JUP,SEFL04,12:32,12:52,NA,1000,CNAT,0,0,0,0,0,0,0,0,0,0,0,0,2,
3/11/19,Ian Combs,Palm Beach,JUP,SEFL04,12:32,12:52,NA,1000,MALI,0,0,0,0,0,1,0,0,0,0,0,1,0,
3/12/19,Ian Combs,Palm Beach,WPB,SEFL12,11:27,11:47,NA,800,MCAV,0,0,0,0,0,1,0,0,0,0,0,1,19,
3/12/19,Ian Combs,Palm Beach,WPB,SEFL12,11:27,11:47,NA,800,PAST,0,0,0,0,0,0,0,0,0,0,0,0,4,
3/12/19,Ian Combs,Palm Beach,WPB,SEFL12,11:27,11:47,NA,800,SBOU,0,0,0,0,0,0,0,0,0,0,0,0,2,
3/12/19,Ian Combs,Palm Beach,WPB,SEFL12,11:27,11:47,NA,800,SINT,0,0,0,0,0,0,0,0,0,0,0,0,2,
3/12/19,Ian Combs,Palm Beach,WPB,SEFL12,11:27,11:47,NA,800,MMEA,0,0,0,0,0,0,0,0,0,0,0,0,3,
3/12/19,Ian Combs,Palm Beach,WPB,SEFL12,11:27,11:47,NA,800,PSTR,0,0,0,0,0,0,0,0,0,0,0,0,1,
3/12/19,Ian Combs,Palm Beach,WPB,SEFL12,11:27,11:47,NA,800,SRAD,0,0,0,0,0,0,0,0,0,0,0,0,5,
3/12/19,Ian Combs,Palm Beach,WPB,SEFL12,11:27,11:47,NA,800,PSTO,0,0,0,0,0,1,0,0,0,0,0,1,2,
3/12/19,Ian Combs,Palm Beach,WPB,SEFL11,12:26,12:46,NA,800,MCAV,0,0,0,0,0,1,0,0,0,0,0,1,31,
3/12/19,Ian Combs,Palm Beach,WPB,SEFL11,12:26,12:46,NA,800,MAUR,0,0,0,0,0,0,0,0,0,0,0,0,4,
3/12/19,Ian Combs,Palm Beach,WPB,SEFL11,12:26,12:46,NA,800,SINT,0,0,0,0,0,0,0,0,0,0,0,0,3,
3/12/19,Ian Combs,Palm Beach,WPB,SEFL11,12:26,12:46,NA,800,MMEA,0,0,0,0,0,0,0,0,0,0,0,0,1,
3/12/19,Ian Combs,Palm Beach,WPB,SEFL11,12:26,12:46,NA,800,SRAD,0,0,0,0,0,0,0,0,0,0,0,0,1,
3/12/19,Ian Combs,Palm Beach,WPB,SEFL11,12:26,12:46,NA,800,PAST,0,0,0,0,0,1,0,0,0,0,0,1,9,
3/12/19,Ian Combs,Palm Beach,WPB,SEFL11,12:26,12:46,NA,800,PSTR,0,0,0,0,0,0,0,0,0,0,0,0,3,
3/12/19,Ian Combs,Palm Beach,WPB,SEFL11,12:26,12:46,NA,800,MDEC,0,0,0,0,0,0,0,0,0,0,0,0,1,
4/25/19,Alexis Sturm,Martin,SLR,SLR Ledge,10:30,10:50,NA,800,MCAV,0,0,0,0,0,0,0,0,0,0,0,0,1,
4/25/19,Alexis Sturm,Martin,SLR,SLR Ledge,10:30,10:50,NA,800,SRAD,0,0,0,0,0,0,0,0,0,1,0,0,5,
4/25/19,Alexis Sturm,Martin,SLR,SLR Ledge,10:30,10:50,NA,800,SBOU,0,0,0,0,0,1,0,0,0,0,0,1,0,
4/25/19,Alexis Sturm,Martin,SLR,SLR North,11:23,11:43,NA,700,PCLI,0,0,0,0,0,3,0,0,0,0,0,3,4,
4/25/19,Alexis Sturm,Martin,SLR,SLR South,9:52,10:12,NA,600,SRAD,0,0,0,0,0,0,0,0,0,0,0,0,6,
4/25/19,Alexis Sturm,Martin,SLR,SLR South,9:52,10:12,NA,600,SBOU,0,0,0,0,0,0,0,0,0,0,0,0,1,Tag #350
5/7/19,Michael Studivan,Broward,PMP,FTL4,13:41,14:01,NA,1000,MCAV,0,0,0,0,0,6,0,0,0,0,0,6,76,
5/7/19,Michael Studivan,Broward,PMP,FTL4,13:41,14:01,NA,1000,SBOU,0,0,0,0,0,0,0,0,0,0,0,0,3,
5/7/19,Michael Studivan,Broward,PMP,FTL4,13:41,14:01,NA,1000,SSID,0,0,0,0,0,1,0,0,0,0,0,1,13,
5/7/19,Michael Studivan,Broward,PMP,FTL4,13:41,14:01,NA,1000,PAST,0,0,0,0,0,0,0,0,0,0,0,0,4,
5/7/19,Michael Studivan,Broward,PMP,FTL4,13:41,14:01,NA,1000,SINT,0,0,0,0,0,0,0,0,0,0,0,0,3,
5/7/19,Michael Studivan,Broward,PMP,FTL4,13:41,14:01,NA,1000,OFAV,0,0,0,0,0,0,0,0,0,0,0,0,1,
5/7/19,Michael Studivan,Broward,PMP,FTL4,13:41,14:01,NA,1000,ACER,0,0,0,0,0,0,0,0,0,0,0,0,20,
5/7/19,Michael Studivan,Broward,PMP,FTL4,13:41,14:01,NA,1000,POR spp.,0,0,0,0,0,0,0,0,0,0,0,0,1,
5/7/19,Michael Studivan,Broward,PMP,T328,11:56,12:16,NA,1000,MCAV,0,0,0,0,0,11,0,0,0,0,0,11,49,
5/7/19,Michael Studivan,Broward,PMP,T328,11:56,12:16,NA,1000,PAST,0,0,0,0,0,0,0,0,0,0,0,0,8,
5/7/19,Michael Studivan,Broward,PMP,T328,11:56,12:16,NA,1000,SSID,0,0,0,0,0,0,0,0,0,0,0,0,12,
5/7/19,Michael Studivan,Broward,PMP,T328,11:56,12:16,NA,1000,SINT,0,0,0,0,0,0,0,0,0,0,0,0,6,
5/7/19,Michael Studivan,Broward,PMP,T328,11:56,12:16,NA,1000,SBOU,0,0,0,0,0,0,0,0,0,0,0,0,1,
5/7/19,Michael Studivan,Broward,PMP,T328,11:56,12:16,NA,1000,OFAV,0,0,0,0,0,0,0,0,0,0,0,0,2,
5/7/19,Michael Studivan,Broward,PMP,T328,11:56,12:16,NA,1000,PSTR,0,0,0,0,0,0,0,0,0,0,0,0,3,
5/7/19,Michael Studivan,Broward,PMP,T328,11:56,12:16,NA,1000,AAGA,0,0,0,0,0,0,0,0,0,0,0,0,2,
5/7/19,Michael Studivan,Broward,PMP,T328,11:56,12:16,NA,1000,PCLI,0,0,0,0,0,0,0,0,0,0,0,0,1,
5/7/19,Michael Studivan,Broward,PMP,T328,11:56,12:16,NA,1000,DSTO,0,0,0,0,0,0,0,0,0,0,0,0,1,
5/14/19,Ryan Eckert,Palm Beach,WPB,SEFL11,10:33,10:53,NA,1000,MCAV,0,0,0,0,0,0,0,0,0,0,0,0,38,
5/14/19,Ryan Eckert,Palm Beach,WPB,SEFL11,10:33,10:53,NA,1000,PAST,0,0,0,0,0,0,0,0,0,0,0,0,17,
5/14/19,Ryan Eckert,Palm Beach,WPB,SEFL11,10:33,10:53,NA,1000,MAUR,0,0,0,0,0,0,0,0,0,0,0,0,4,
5/14/19,Ryan Eckert,Palm Beach,WPB,SEFL11,10:33,10:53,NA,1000,MALI,0,0,0,0,0,0,0,0,0,0,0,0,1,
5/14/19,Ryan Eckert,Palm Beach,WPB,SEFL11,10:33,10:53,NA,1000,MDEC,0,0,0,0,0,0,0,0,0,0,0,0,4,
5/14/19,Ryan Eckert,Palm Beach,WPB,SEFL11,10:33,10:53,NA,1000,SSID,0,0,0,0,0,0,0,0,0,0,0,0,2,
5/14/19,Ryan Eckert,Palm Beach,WPB,SEFL11,10:33,10:53,NA,1000,SINT,0,0,0,0,0,0,0,0,0,0,0,0,1,
5/14/19,Ryan Eckert,Palm Beach,WPB,SEFL11,10:33,10:53,NA,1000,OFAV,0,0,0,0,0,0,0,0,0,0,0,0,1,
5/14/19,Ryan Eckert,Palm Beach,WPB,SEFL12,9:50,10:10,NA,1200,PAST,0,0,0,0,0,0,0,0,0,0,0,0,3,
5/14/19,Ryan Eckert,Palm Beach,WPB,SEFL12,9:50,10:10,NA,1200,MCAV,0,0,0,0,0,0,0,0,0,0,0,0,18,
5/14/19,Ryan Eckert,Palm Beach,WPB,SEFL12,9:50,10:10,NA,1200,SINT,0,0,0,0,0,0,0,0,0,0,0,0,1,
5/14/19,Ryan Eckert,Palm Beach,WPB,SEFL12,9:50,10:10,NA,1200,MMEA,0,0,0,0,0,0,0,0,0,0,0,0,1,
5/14/19,Ryan Eckert,Palm Beach,WPB,SEFL12,9:50,10:10,NA,1200,PSTR,0,0,0,0,0,0,0,0,0,0,0,0,1,
5/14/19,Ryan Eckert,Palm Beach,WPB,SEFL08,11:30,11:50,NA,1200,MCAV,0,0,0,0,0,0,0,0,0,0,0,0,42,
5/14/19,Ryan Eckert,Palm Beach,WPB,SEFL08,11:30,11:50,NA,1200,PAST,0,0,0,0,0,0,0,0,0,0,0,0,19,
5/14/19,Ryan Eckert,Palm Beach,WPB,SEFL08,11:30,11:50,NA,1200,SSID,0,0,0,0,0,0,0,0,0,0,0,0,1,
5/14/19,Ryan Eckert,Palm Beach,WPB,SEFL08,11:30,11:50,NA,1200,DSTO,0,0,0,0,0,0,0,0,0,0,0,0,1,
5/15/19,Michael Studivan,Palm Beach,JUP,SEFL04,11:26,11:46,NA,1500,MCAV,0,0,0,0,0,0,0,0,0,0,0,0,98,
5/15/19,Michael Studivan,Palm Beach,JUP,SEFL04,11:26,11:46,NA,1500,PAST,0,0,0,0,0,0,0,0,0,0,0,0,18,
5/15/19,Michael Studivan,Palm Beach,JUP,SEFL04,11:26,11:46,NA,1500,SINT,0,0,0,0,0,0,0,0,0,0,0,0,3,
5/15/19,Michael Studivan,Palm Beach,JUP,SEFL04,11:26,11:46,NA,1500,OFAV,0,0,0,0,0,0,0,0,0,0,0,0,1,
5/15/19,Michael Studivan,Palm Beach,JUP,SEFL04,11:26,11:46,NA,1500,AAGA,0,0,0,0,0,0,0,0,0,0,0,0,16,
5/15/19,Michael Studivan,Palm Beach,JUP,SEFL04,11:26,11:46,NA,1500,HCUC,0,0,0,0,0,0,0,0,0,0,0,0,1,
5/15/19,Michael Studivan,Palm Beach,JUP,SEFL04,11:26,11:46,NA,1500,SSID,0,0,0,0,0,0,0,0,0,0,0,0,2,
5/15/19,Michael Studivan,Palm Beach,JUP,SEFL04,11:26,11:46,NA,1500,MDEC,0,0,0,0,0,0,0,0,0,0,0,0,2,
5/15/19,Michael Studivan,Palm Beach,JUP,SEFL04,11:26,11:46,NA,1500,PSTR,0,0,0,0,0,0,0,0,0,0,0,0,1,
5/15/19,Michael Studivan,Palm Beach,JUP,SEFL04,11:26,11:46,NA,1500,DSTO,0,0,0,0,0,0,0,0,0,0,0,0,1,
5/15/19,Michael Studivan,Palm Beach,JUP,SEFL06,9:41,10:01,NA,1500,MCAV,0,0,0,0,0,0,0,0,0,0,0,0,141,
5/15/19,Michael Studivan,Palm Beach,JUP,SEFL06,9:41,10:01,NA,1500,SINT,0,0,0,0,0,0,0,0,0,0,0,0,1,
5/15/19,Michael Studivan,Palm Beach,JUP,SEFL06,9:41,10:01,NA,1500,SSID,0,0,0,0,0,1,0,0,0,0,0,1,2,"Disease was questionable, no photo taken"
5/15/19,Michael Studivan,Palm Beach,JUP,SEFL06,9:41,10:01,NA,1500,PAST,0,0,0,0,0,0,0,0,0,0,0,0,27,
5/15/19,Michael Studivan,Palm Beach,JUP,SEFL06,9:41,10:01,NA,1500,AAGA,0,0,0,0,0,0,0,0,0,0,0,0,10,
5/15/19,Michael Studivan,Palm Beach,JUP,SEFL06,9:41,10:01,NA,1500,ALAM,0,0,0,0,0,0,0,0,0,0,0,0,1,
5/15/19,Michael Studivan,Palm Beach,JUP,SEFL05,10:40,11:00,NA,2000,MCAV,0,0,0,0,0,0,0,0,0,0,0,0,14,
5/15/19,Michael Studivan,Palm Beach,JUP,SEFL05,10:40,11:00,NA,2000,ODIF,0,0,0,0,0,0,0,0,0,0,0,0,1,
5/15/19,Michael Studivan,Palm Beach,JUP,SEFL05,10:40,11:00,NA,2000,SINT,0,0,0,0,0,0,0,0,0,0,0,0,1,
6/4/19,Ian Combs,Martin,SLR,SLR Central,9:18,9:38,NA,1000,PAST,0,0,0,0,0,0,0,0,0,0,0,0,56,
6/4/19,Ian Combs,Martin,SLR,SLR Central,9:18,9:38,NA,1000,ISIN,0,0,0,0,0,0,0,0,0,0,0,0,1,
6/4/19,Ian Combs,Martin,SLR,SLR Central,9:18,9:38,NA,1000,PCLI,0,0,0,0,0,1,0,0,0,0,0,1,4,
6/4/19,Ian Combs,Martin,SLR,SLR North,8:40,9:00,NA,500,PCLI,0,0,0,0,0,2,0,0,0,0,0,2,1,
6/4/19,Ian Combs,Martin,SLR,SLR North,8:40,9:00,NA,500,SSID,0,0,0,0,0,0,0,0,0,0,0,0,2,
6/4/19,Ian Combs,Martin,SLR,SLR Ledge,10:01,10:21,NA,1000,MCAV,0,0,0,0,0,0,0,0,0,0,0,0,3,
6/4/19,Ian Combs,Martin,SLR,SLR Ledge,10:01,10:21,NA,1000,PAST,0,0,0,0,0,0,0,0,0,0,0,0,3,
6/4/19,Ian Combs,Martin,SLR,SLR Ledge,10:01,10:21,NA,1000,PCLI,0,0,0,0,0,0,0,0,0,0,0,0,1,
6/4/19,Ian Combs,Martin,SLR,SLR Ledge,10:01,10:21,NA,1000,SRAD,0,0,0,0,0,0,0,0,0,0,0,0,2,
6/4/19,Ian Combs,Martin,SLR,SLR South,10:35,10:55,NA,1000,SBOU,0,0,0,0,0,0,0,0,0,0,0,0,1,
6/4/19,Ian Combs,Martin,SLR,SLR South,10:35,10:55,NA,1000,SSID,0,0,0,0,0,0,0,0,0,0,0,0,1,
6/12/19,Ian Combs,Palm Beach,WPB,SEFL08,12:40,13:00,NA,1000,MCAV,0,0,0,0,0,0,0,0,0,0,0,0,66,
6/12/19,Ian Combs,Palm Beach,WPB,SEFL08,12:40,13:00,NA,1000,PAST,0,0,0,0,0,0,0,0,0,0,0,0,40,
6/12/19,Ian Combs,Palm Beach,WPB,SEFL08,12:40,13:00,NA,1000,SRAD,0,0,0,0,0,0,0,0,0,0,0,0,1,
6/12/19,Ian Combs,Palm Beach,WPB,SEFL08,12:40,13:00,NA,1000,MALI,0,0,0,0,0,0,0,0,0,0,0,0,1,
6/12/19,Ian Combs,Palm Beach,WPB,SEFL08,12:40,13:00,NA,1000,MDEC,0,0,0,0,0,0,0,0,0,0,0,0,1,
6/12/19,Ian Combs,Palm Beach,WPB,SEFL08,12:40,13:00,NA,1000,AAGA,0,0,0,0,0,0,0,0,0,0,0,0,1,
6/12/19,Ian Combs,Palm Beach,WPB,SEFL12,10:52,11:12,NA,1200,MCAV,0,0,0,0,0,0,0,0,0,0,0,0,17,
6/12/19,Ian Combs,Palm Beach,WPB,SEFL12,10:52,11:12,NA,1200,PAST,0,0,0,0,0,0,0,0,0,0,0,0,13,
6/12/19,Ian Combs,Palm Beach,WPB,SEFL12,10:52,11:12,NA,1200,SINT,0,0,0,0,0,0,0,0,0,0,0,0,10,
6/12/19,Ian Combs,Palm Beach,WPB,SEFL12,10:52,11:12,NA,1200,DSTO,0,0,0,0,0,1,0,0,0,0,0,1,4,
6/12/19,Ian Combs,Palm Beach,WPB,SEFL12,10:52,11:12,NA,1200,SRAD,0,0,0,0,0,0,0,0,0,0,0,0,3,
6/12/19,Ian Combs,Palm Beach,WPB,SEFL12,10:52,11:12,NA,1200,MALI,0,0,0,0,0,0,0,0,0,0,0,0,1,
6/12/19,Ian Combs,Palm Beach,WPB,SEFL12,10:52,11:12,NA,1200,PLAB,0,0,0,0,0,0,0,0,0,0,0,0,1,
6/12/19,Ian Combs,Palm Beach,WPB,SEFL12,10:52,11:12,NA,1200,MMEA,0,0,0,0,0,0,0,0,0,0,0,0,4,
6/12/19,Ian Combs,Palm Beach,WPB,SEFL11,11:42,12:02,NA,1000,MCAV,0,0,0,0,0,1,0,0,0,0,0,1,39,
6/12/19,Ian Combs,Palm Beach,WPB,SEFL11,11:42,12:02,NA,1000,AAGA,0,0,0,0,0,0,0,0,0,0,0,0,1,
6/12/19,Ian Combs,Palm Beach,WPB,SEFL11,11:42,12:02,NA,1000,SRAD,0,0,0,0,0,0,0,0,0,0,0,0,4,
6/12/19,Ian Combs,Palm Beach,WPB,SEFL11,11:42,12:02,NA,1000,PAST,0,0,0,0,0,0,0,0,0,0,0,0,28,
6/12/19,Ian Combs,Palm Beach,WPB,SEFL11,11:42,12:02,NA,1000,MMEA,0,0,0,0,0,0,0,0,0,0,0,0,1,
6/12/19,Ian Combs,Palm Beach,WPB,SEFL11,11:42,12:02,NA,1000,DSTO,0,0,0,0,0,0,0,0,0,0,0,0,1,
6/12/19,Ian Combs,Palm Beach,WPB,SEFL11,11:42,12:02,NA,1000,MDEC,0,0,0,0,0,0,0,0,0,0,0,0,2,
6/21/19,Ryan Eckert,Broward,PMP,T328,13:53,14:13,NA,1000,MCAV,0,0,0,0,0,13,0,0,0,0,0,13,46,
6/21/19,Ryan Eckert,Broward,PMP,T328,13:53,14:13,NA,1000,PAST,0,0,0,0,0,0,0,0,0,0,0,0,1,
6/21/19,Ryan Eckert,Broward,PMP,T328,13:53,14:13,NA,1000,SBOU,0,0,0,0,0,0,0,0,0,0,0,0,1,
6/21/19,Ryan Eckert,Broward,PMP,T328,13:53,14:13,NA,1000,SSID,0,0,0,0,0,0,0,0,0,0,0,0,3,
6/21/19,Ryan Eckert,Broward,PMP,T328,13:53,14:13,NA,1000,OFAV,0,0,0,0,0,0,0,0,0,0,0,0,3,
6/21/19,Ryan Eckert,Broward,PMP,T328,13:53,14:13,NA,1000,SINT,0,0,0,0,0,0,0,0,0,0,0,0,1,
6/21/19,Ryan Eckert,Broward,PMP,FTL4,11:02,11:22,NA,1300,SSID,0,0,0,0,0,0,0,0,0,0,0,0,8,
6/21/19,Ryan Eckert,Broward,PMP,FTL4,11:02,11:22,NA,1300,SINT,0,0,0,0,0,0,0,0,0,0,0,0,3,
6/21/19,Ryan Eckert,Broward,PMP,FTL4,11:02,11:22,NA,1300,MCAV,0,0,0,0,0,3,0,0,0,0,0,3,89,
6/21/19,Ryan Eckert,Broward,PMP,FTL4,11:02,11:22,NA,1300,SBOU,0,0,0,0,0,1,0,0,0,0,0,1,3,
6/21/19,Ryan Eckert,Broward,PMP,FTL4,11:02,11:22,NA,1300,OFAV,0,0,0,0,0,1,0,0,0,0,0,1,0,
6/21/19,Ryan Eckert,Broward,PMP,FTL4,11:02,11:22,NA,1300,PCLI,0,0,0,0,0,0,0,0,0,0,0,0,1,
6/21/19,Ryan Eckert,Broward,PMP,FTL4,11:02,11:22,NA,1300,ACER,0,0,0,0,0,0,0,0,0,0,0,0,7,
6/21/19,Ryan Eckert,Broward,PMP,FTL4,11:02,11:22,NA,1300,PAST,0,0,0,0,0,0,0,0,0,0,0,0,2,
6/21/19,Ryan Eckert,Broward,PMP,BC1,9:55,10:15,NA,1500,MCAV,0,0,0,0,0,15,0,0,0,0,0,15,233,
6/21/19,Ryan Eckert,Broward,PMP,BC1,9:55,10:15,NA,1500,SBOU,0,0,0,0,0,1,0,0,0,0,0,1,11,
6/21/19,Ryan Eckert,Broward,PMP,BC1,9:55,10:15,NA,1500,PAST,0,0,0,0,0,0,0,0,0,0,0,0,23,
6/21/19,Ryan Eckert,Broward,PMP,BC1,9:55,10:15,NA,1500,SSID,0,0,0,0,0,0,0,0,0,0,0,0,15,
6/21/19,Ryan Eckert,Broward,PMP,BC1,9:55,10:15,NA,1500,OFAV,0,0,0,0,0,0,0,0,0,0,0,0,3,
6/21/19,Ryan Eckert,Broward,PMP,BC1,9:55,10:15,NA,1500,SINT,0,0,0,0,0,0,0,0,0,0,0,0,3,
6/21/19,Ryan Eckert,Broward,PMP,BC1,9:55,10:15,NA,1500,ACER,0,0,0,0,0,0,0,0,0,0,0,0,2,
6/21/19,Ryan Eckert,Broward,PMP,BC1,9:55,10:15,NA,1500,OANN,0,0,0,0,0,0,0,0,0,0,0,0,1,